ID,Tarea,Reach (%),Impact (1-10),Confidence (%),Effort (h),RICE Score,Prioridad,Ranking,Justificación
SEC-001,Eliminar passphrase predecible,100,10,100,2,500,P0,1,Vulnerabilidad crítica que compromete toda la seguridad
SEC-005,Aumentar iteraciones PBKDF2,100,9,100,2,450,P0,2,Protección contra brute force según OWASP 2024
SEC-006,Validación passphrase producción,100,8,100,2,400,P0,3,Previene uso sin configuración segura en producción
SEC-003,Actualizar interfaz EncryptionResult,100,7,100,1,700,P0,4,Requerido para salt único (SEC-002)
SEC-004,Hashear passphrase en cache keys,100,8,100,3,267,P0,5,Previene leak de passphrases en memoria
SEC-002,Salt aleatorio único,100,10,100,4,250,P0,6,Vulnerabilidad crítica que anula seguridad del salt
TEST-001,Tests password hashing,100,8,100,6,133,P1,7,Valida correcciones críticas de seguridad
PERF-001,Implementar LRU Cache,80,7,90,4,126,P1,8,Previene memory leaks en apps de larga duración
SEC-007,Mejorar validación passphrase,90,7,100,2,315,P1,9,Fortalece seguridad de passphrases débiles
TEST-002,Tests data encryption,100,8,100,6,133,P1,10,Valida integridad y autenticación AES-GCM
ARCH-001,Crear KeyDerivationService,70,6,80,4,84,P1,11,Base para arquitectura modular SRP
PERF-002,Agregar TTL al cache,80,6,90,2,216,P1,12,Complementa LRU para gestión completa de cache
ARCH-002,Crear PasswordHasher,70,6,80,4,84,P1,13,Separación de responsabilidades SRP
ARCH-003,Crear DataEncryptor,70,6,80,4,84,P1,14,Separación de responsabilidades SRP
TEST-004,Tests performance/timing,90,7,90,4,142,P1,15,Valida protección contra timing attacks
PERF-004,Optimizar arrayBufferToBase64,60,6,90,3,108,P2,16,Mejora performance para datos grandes
SEC-011,Sanitización logs producción,50,7,80,3,93,P2,17,Previene leak de información sensible en logs
PERF-003,Limpieza periódica cache,60,5,90,2,135,P2,18,Mantenimiento automático del cache
ARCH-004,Crear SecureTokenGenerator,60,5,80,2,120,P2,19,Separación de responsabilidades SRP
ARCH-005,Crear CryptoConfigManager,60,5,80,3,80,P2,20,Centraliza gestión de configuración
SEC-008,Rotación de claves,50,7,70,6,41,P2,21,Feature avanzada para seguridad enterprise
PERF-005,Optimizar base64ToArrayBuffer,60,5,90,2,135,P2,22,Complementa optimización de conversión
CODE-003,Extraer magic numbers,80,4,100,2,160,P2,23,Mejora legibilidad y mantenibilidad
TEST-003,Tests token generation,80,6,100,3,160,P2,24,Valida generación criptográficamente segura
ARCH-006,Strategy Pattern algoritmos,50,6,70,6,35,P2,25,Facilita extensibilidad de algoritmos
ARCH-007,EncryptHelper como Facade,70,6,90,3,126,P2,26,Mantiene retrocompatibilidad con nueva arquitectura
SEC-009,Versionamiento esquemas,40,6,70,3,56,P2,27,Facilita migraciones futuras
DOC-001,Crear SECURITY.md,90,7,100,2,315,P2,28,Documenta buenas prácticas de seguridad
DOC-002,Actualizar .env.example,100,6,100,1,600,P2,29,Facilita configuración correcta
TEST-005,Tests integración E2E,70,6,90,4,95,P2,30,Valida workflows completos
SEC-010,Batch rotateEncryptionKeys(),40,6,70,4,42,P2,31,Complementa rotación de claves
DOC-003,Guía migración breaking changes,80,7,100,3,187,P2,32,Crítico para actualizar datos legacy
SEC-012,Detección passphrases comunes,30,5,80,1,120,P3,33,Prevención adicional contra passwords débiles
PERF-006,arrayBufferToBase64Async(),30,6,70,3,42,P3,34,Mejora UX para datos muy grandes (>10MB)
CODE-001,Eliminar código comentado,100,2,100,0.5,400,P3,35,Limpieza de código legacy
CODE-002,Eliminar comentarios TODO,100,2,100,0.5,400,P3,36,Claridad en documentación
DOC-004,Documentar ejemplos uso,60,5,100,2,150,P3,37,Facilita adopción del helper
PERF-007,Web Workers para PBKDF2,30,8,60,8,18,P3,38,Mejora UX significativa pero alta complejidad

Fórmula RICE: (Reach × Impact × Confidence) / Effort

Interpretación de Scores:
>300: Máxima prioridad - Acción inmediata
200-300: Alta prioridad - Sprint 1
100-200: Media-Alta prioridad - Sprint 2
50-100: Media prioridad - Sprint 3
<50: Baja prioridad - Sprint 4 o backlog

Reach: % de usuarios/sistemas afectados
Impact: 1-10 (1=mínimo, 10=crítico)
Confidence: % de certeza en las estimaciones
Effort: Horas de desarrollo estimadas